<?xml version="1.0"?>
<DATASET><ROW1><YEAR_COL.1>200001</YEAR_COL.1><GEOGRAPHICAL_AREA_COL.2>328726</GEOGRAPHICAL_AREA_COL.2><REPORTING_AREA_FOR_LAND_UTILISATION_STATISTICS_COL.3_=_COL.4+COL.7+_COL.11+COL.14+COL.15>305195</REPORTING_AREA_FOR_LAND_UTILISATION_STATISTICS_COL.3_=_COL.4+COL.7+_COL.11+COL.14+COL.15><FORESTS_COL.4>69843</FORESTS_COL.4><NOT_AVAILABLE_FOR_CULTIVATION_-_AREA_UNDER_NON-AGRICULTURAL_USES_COL.5>23752</NOT_AVAILABLE_FOR_CULTIVATION_-_AREA_UNDER_NON-AGRICULTURAL_USES_COL.5><NOT_AVAILABLE_FOR_CULTIVATION_-_BARREN_AND_UNCULTURABLE_LAND_COL.6>17483</NOT_AVAILABLE_FOR_CULTIVATION_-_BARREN_AND_UNCULTURABLE_LAND_COL.6><NOT_AVAILABLE_FOR_CULTIVATION_-_TOTAL_COL.7_=_COL.5+COL.6>41235</NOT_AVAILABLE_FOR_CULTIVATION_-_TOTAL_COL.7_=_COL.5+COL.6><OTHER_UNCULTIVATED_LAND_EXCLUDING_FALLOW_LAND_-_PERMANENT_PASTURES_&amp;_OTHER_GRAZING_LANDS_COL.8>10662</OTHER_UNCULTIVATED_LAND_EXCLUDING_FALLOW_LAND_-_PERMANENT_PASTURES_&amp;_OTHER_GRAZING_LANDS_COL.8><OTHER_UNCULTIVATED_LAND_EXCLUDING_FALLOW_LAND_-_LAND_UNDER_MISC._TREE_CROPS_&amp;_GROVES_NOT_INCL._IN_NET_AREA_SOWN_COL.9>3445</OTHER_UNCULTIVATED_LAND_EXCLUDING_FALLOW_LAND_-_LAND_UNDER_MISC._TREE_CROPS_&amp;_GROVES_NOT_INCL._IN_NET_AREA_SOWN_COL.9><OTHER_UNCULTIVATED_LAND_EXCLUDING_FALLOW_LAND_-_CULTURABLE_WASTE_LAND_COL.10>13631</OTHER_UNCULTIVATED_LAND_EXCLUDING_FALLOW_LAND_-_CULTURABLE_WASTE_LAND_COL.10><OTHER_UNCULTIVATED_LAND_EXCLUDING_FALLOW_LAND_-_TOTAL_COL.11_=_COL.8_TO_COL.10>27737</OTHER_UNCULTIVATED_LAND_EXCLUDING_FALLOW_LAND_-_TOTAL_COL.11_=_COL.8_TO_COL.10><FALLOW_LANDS_-_FALLOW_LANDS_OTHER_THAN_CURRENT_FALLOWS_COL.12>10267</FALLOW_LANDS_-_FALLOW_LANDS_OTHER_THAN_CURRENT_FALLOWS_COL.12><FALLOW_LANDS_-_CURRENT_FALLOWS_COL.13>14777</FALLOW_LANDS_-_CURRENT_FALLOWS_COL.13><FALLOW_LANDS_-_TOTAL_COL.14_=_COL.12+COL.13>25044</FALLOW_LANDS_-_TOTAL_COL.14_=_COL.12+COL.13><NET_AREA_SOWN_COL.15>141336</NET_AREA_SOWN_COL.15><TOTAL_CROPPED_AREA_COL.16>185340</TOTAL_CROPPED_AREA_COL.16><AREA_SOWN_MORE_THAN_ONCE_COL.17_=_COL.16-COL.15>44005</AREA_SOWN_MORE_THAN_ONCE_COL.17_=_COL.16-COL.15><AGRICULTURAL_LANDCULTIVABLE_LANDCULTURABLE_LANDARABLE_LAND_COL.18_=_COL.9+COL.10+COL.14+COL.15>183455</AGRICULTURAL_LANDCULTIVABLE_LANDCULTURABLE_LANDARABLE_LAND_COL.18_=_COL.9+COL.10+COL.14+COL.15><CULTIVATED_LAND_COL.19_=_COL.13+COL.15>156113</CULTIVATED_LAND_COL.19_=_COL.13+COL.15><CROPPING_INTENSITY_COL.20_=_percent_OF_COL.16_OVER_COL.15>131.1</CROPPING_INTENSITY_COL.20_=_percent_OF_COL.16_OVER_COL.15></ROW1><ROW2><YEAR_COL.1>200102</YEAR_COL.1><GEOGRAPHICAL_AREA_COL.2>328726</GEOGRAPHICAL_AREA_COL.2><REPORTING_AREA_FOR_LAND_UTILISATION_STATISTICS_COL.3_=_COL.4+COL.7+_COL.11+COL.14+COL.15>305127</REPORTING_AREA_FOR_LAND_UTILISATION_STATISTICS_COL.3_=_COL.4+COL.7+_COL.11+COL.14+COL.15><FORESTS_COL.4>69720</FORESTS_COL.4><NOT_AVAILABLE_FOR_CULTIVATION_-_AREA_UNDER_NON-AGRICULTURAL_USES_COL.5>23914</NOT_AVAILABLE_FOR_CULTIVATION_-_AREA_UNDER_NON-AGRICULTURAL_USES_COL.5><NOT_AVAILABLE_FOR_CULTIVATION_-_BARREN_AND_UNCULTURABLE_LAND_COL.6>17414</NOT_AVAILABLE_FOR_CULTIVATION_-_BARREN_AND_UNCULTURABLE_LAND_COL.6><NOT_AVAILABLE_FOR_CULTIVATION_-_TOTAL_COL.7_=_COL.5+COL.6>41328</NOT_AVAILABLE_FOR_CULTIVATION_-_TOTAL_COL.7_=_COL.5+COL.6><OTHER_UNCULTIVATED_LAND_EXCLUDING_FALLOW_LAND_-_PERMANENT_PASTURES_&amp;_OTHER_GRAZING_LANDS_COL.8>10528</OTHER_UNCULTIVATED_LAND_EXCLUDING_FALLOW_LAND_-_PERMANENT_PASTURES_&amp;_OTHER_GRAZING_LANDS_COL.8><OTHER_UNCULTIVATED_LAND_EXCLUDING_FALLOW_LAND_-_LAND_UNDER_MISC._TREE_CROPS_&amp;_GROVES_NOT_INCL._IN_NET_AREA_SOWN_COL.9>3442</OTHER_UNCULTIVATED_LAND_EXCLUDING_FALLOW_LAND_-_LAND_UNDER_MISC._TREE_CROPS_&amp;_GROVES_NOT_INCL._IN_NET_AREA_SOWN_COL.9><OTHER_UNCULTIVATED_LAND_EXCLUDING_FALLOW_LAND_-_CULTURABLE_WASTE_LAND_COL.10>13520</OTHER_UNCULTIVATED_LAND_EXCLUDING_FALLOW_LAND_-_CULTURABLE_WASTE_LAND_COL.10><OTHER_UNCULTIVATED_LAND_EXCLUDING_FALLOW_LAND_-_TOTAL_COL.11_=_COL.8_TO_COL.10>27489</OTHER_UNCULTIVATED_LAND_EXCLUDING_FALLOW_LAND_-_TOTAL_COL.11_=_COL.8_TO_COL.10><FALLOW_LANDS_-_FALLOW_LANDS_OTHER_THAN_CURRENT_FALLOWS_COL.12>10513</FALLOW_LANDS_-_FALLOW_LANDS_OTHER_THAN_CURRENT_FALLOWS_COL.12><FALLOW_LANDS_-_CURRENT_FALLOWS_COL.13>15343</FALLOW_LANDS_-_CURRENT_FALLOWS_COL.13><FALLOW_LANDS_-_TOTAL_COL.14_=_COL.12+COL.13>25856</FALLOW_LANDS_-_TOTAL_COL.14_=_COL.12+COL.13><NET_AREA_SOWN_COL.15>140734</NET_AREA_SOWN_COL.15><TOTAL_CROPPED_AREA_COL.16>188014</TOTAL_CROPPED_AREA_COL.16><AREA_SOWN_MORE_THAN_ONCE_COL.17_=_COL.16-COL.15>47280</AREA_SOWN_MORE_THAN_ONCE_COL.17_=_COL.16-COL.15><AGRICULTURAL_LANDCULTIVABLE_LANDCULTURABLE_LANDARABLE_LAND_COL.18_=_COL.9+COL.10+COL.14+COL.15>183552</AGRICULTURAL_LANDCULTIVABLE_LANDCULTURABLE_LANDARABLE_LAND_COL.18_=_COL.9+COL.10+COL.14+COL.15><CULTIVATED_LAND_COL.19_=_COL.13+COL.15>156077</CULTIVATED_LAND_COL.19_=_COL.13+COL.15><CROPPING_INTENSITY_COL.20_=_percent_OF_COL.16_OVER_COL.15>133.6</CROPPING_INTENSITY_COL.20_=_percent_OF_COL.16_OVER_COL.15></ROW2><ROW3><YEAR_COL.1>200203</YEAR_COL.1><GEOGRAPHICAL_AREA_COL.2>328726</GEOGRAPHICAL_AREA_COL.2><REPORTING_AREA_FOR_LAND_UTILISATION_STATISTICS_COL.3_=_COL.4+COL.7+_COL.11+COL.14+COL.15>305358</REPORTING_AREA_FOR_LAND_UTILISATION_STATISTICS_COL.3_=_COL.4+COL.7+_COL.11+COL.14+COL.15><FORESTS_COL.4>69821</FORESTS_COL.4><NOT_AVAILABLE_FOR_CULTIVATION_-_AREA_UNDER_NON-AGRICULTURAL_USES_COL.5>24119</NOT_AVAILABLE_FOR_CULTIVATION_-_AREA_UNDER_NON-AGRICULTURAL_USES_COL.5><NOT_AVAILABLE_FOR_CULTIVATION_-_BARREN_AND_UNCULTURABLE_LAND_COL.6>17517</NOT_AVAILABLE_FOR_CULTIVATION_-_BARREN_AND_UNCULTURABLE_LAND_COL.6><NOT_AVAILABLE_FOR_CULTIVATION_-_TOTAL_COL.7_=_COL.5+COL.6>41636</NOT_AVAILABLE_FOR_CULTIVATION_-_TOTAL_COL.7_=_COL.5+COL.6><OTHER_UNCULTIVATED_LAND_EXCLUDING_FALLOW_LAND_-_PERMANENT_PASTURES_&amp;_OTHER_GRAZING_LANDS_COL.8>10450</OTHER_UNCULTIVATED_LAND_EXCLUDING_FALLOW_LAND_-_PERMANENT_PASTURES_&amp;_OTHER_GRAZING_LANDS_COL.8><OTHER_UNCULTIVATED_LAND_EXCLUDING_FALLOW_LAND_-_LAND_UNDER_MISC._TREE_CROPS_&amp;_GROVES_NOT_INCL._IN_NET_AREA_SOWN_COL.9>3431</OTHER_UNCULTIVATED_LAND_EXCLUDING_FALLOW_LAND_-_LAND_UNDER_MISC._TREE_CROPS_&amp;_GROVES_NOT_INCL._IN_NET_AREA_SOWN_COL.9><OTHER_UNCULTIVATED_LAND_EXCLUDING_FALLOW_LAND_-_CULTURABLE_WASTE_LAND_COL.10>13651</OTHER_UNCULTIVATED_LAND_EXCLUDING_FALLOW_LAND_-_CULTURABLE_WASTE_LAND_COL.10><OTHER_UNCULTIVATED_LAND_EXCLUDING_FALLOW_LAND_-_TOTAL_COL.11_=_COL.8_TO_COL.10>27532</OTHER_UNCULTIVATED_LAND_EXCLUDING_FALLOW_LAND_-_TOTAL_COL.11_=_COL.8_TO_COL.10><FALLOW_LANDS_-_FALLOW_LANDS_OTHER_THAN_CURRENT_FALLOWS_COL.12>11966</FALLOW_LANDS_-_FALLOW_LANDS_OTHER_THAN_CURRENT_FALLOWS_COL.12><FALLOW_LANDS_-_CURRENT_FALLOWS_COL.13>22459</FALLOW_LANDS_-_CURRENT_FALLOWS_COL.13><FALLOW_LANDS_-_TOTAL_COL.14_=_COL.12+COL.13>34426</FALLOW_LANDS_-_TOTAL_COL.14_=_COL.12+COL.13><NET_AREA_SOWN_COL.15>131943</NET_AREA_SOWN_COL.15><TOTAL_CROPPED_AREA_COL.16>173889</TOTAL_CROPPED_AREA_COL.16><AREA_SOWN_MORE_THAN_ONCE_COL.17_=_COL.16-COL.15>41947</AREA_SOWN_MORE_THAN_ONCE_COL.17_=_COL.16-COL.15><AGRICULTURAL_LANDCULTIVABLE_LANDCULTURABLE_LANDARABLE_LAND_COL.18_=_COL.9+COL.10+COL.14+COL.15>183450</AGRICULTURAL_LANDCULTIVABLE_LANDCULTURABLE_LANDARABLE_LAND_COL.18_=_COL.9+COL.10+COL.14+COL.15><CULTIVATED_LAND_COL.19_=_COL.13+COL.15>154402</CULTIVATED_LAND_COL.19_=_COL.13+COL.15><CROPPING_INTENSITY_COL.20_=_percent_OF_COL.16_OVER_COL.15>131.8</CROPPING_INTENSITY_COL.20_=_percent_OF_COL.16_OVER_COL.15></ROW3><ROW4><YEAR_COL.1>200304</YEAR_COL.1><GEOGRAPHICAL_AREA_COL.2>328726</GEOGRAPHICAL_AREA_COL.2><REPORTING_AREA_FOR_LAND_UTILISATION_STATISTICS_COL.3_=_COL.4+COL.7+_COL.11+COL.14+COL.15>305567</REPORTING_AREA_FOR_LAND_UTILISATION_STATISTICS_COL.3_=_COL.4+COL.7+_COL.11+COL.14+COL.15><FORESTS_COL.4>69968</FORESTS_COL.4><NOT_AVAILABLE_FOR_CULTIVATION_-_AREA_UNDER_NON-AGRICULTURAL_USES_COL.5>24516</NOT_AVAILABLE_FOR_CULTIVATION_-_AREA_UNDER_NON-AGRICULTURAL_USES_COL.5><NOT_AVAILABLE_FOR_CULTIVATION_-_BARREN_AND_UNCULTURABLE_LAND_COL.6>17466</NOT_AVAILABLE_FOR_CULTIVATION_-_BARREN_AND_UNCULTURABLE_LAND_COL.6><NOT_AVAILABLE_FOR_CULTIVATION_-_TOTAL_COL.7_=_COL.5+COL.6>41982</NOT_AVAILABLE_FOR_CULTIVATION_-_TOTAL_COL.7_=_COL.5+COL.6><OTHER_UNCULTIVATED_LAND_EXCLUDING_FALLOW_LAND_-_PERMANENT_PASTURES_&amp;_OTHER_GRAZING_LANDS_COL.8>10484</OTHER_UNCULTIVATED_LAND_EXCLUDING_FALLOW_LAND_-_PERMANENT_PASTURES_&amp;_OTHER_GRAZING_LANDS_COL.8><OTHER_UNCULTIVATED_LAND_EXCLUDING_FALLOW_LAND_-_LAND_UNDER_MISC._TREE_CROPS_&amp;_GROVES_NOT_INCL._IN_NET_AREA_SOWN_COL.9>3381</OTHER_UNCULTIVATED_LAND_EXCLUDING_FALLOW_LAND_-_LAND_UNDER_MISC._TREE_CROPS_&amp;_GROVES_NOT_INCL._IN_NET_AREA_SOWN_COL.9><OTHER_UNCULTIVATED_LAND_EXCLUDING_FALLOW_LAND_-_CULTURABLE_WASTE_LAND_COL.10>13241</OTHER_UNCULTIVATED_LAND_EXCLUDING_FALLOW_LAND_-_CULTURABLE_WASTE_LAND_COL.10><OTHER_UNCULTIVATED_LAND_EXCLUDING_FALLOW_LAND_-_TOTAL_COL.11_=_COL.8_TO_COL.10>27106</OTHER_UNCULTIVATED_LAND_EXCLUDING_FALLOW_LAND_-_TOTAL_COL.11_=_COL.8_TO_COL.10><FALLOW_LANDS_-_FALLOW_LANDS_OTHER_THAN_CURRENT_FALLOWS_COL.12>11313</FALLOW_LANDS_-_FALLOW_LANDS_OTHER_THAN_CURRENT_FALLOWS_COL.12><FALLOW_LANDS_-_CURRENT_FALLOWS_COL.13>14489</FALLOW_LANDS_-_CURRENT_FALLOWS_COL.13><FALLOW_LANDS_-_TOTAL_COL.14_=_COL.12+COL.13>25802</FALLOW_LANDS_-_TOTAL_COL.14_=_COL.12+COL.13><NET_AREA_SOWN_COL.15>140708</NET_AREA_SOWN_COL.15><TOTAL_CROPPED_AREA_COL.16>189661</TOTAL_CROPPED_AREA_COL.16><AREA_SOWN_MORE_THAN_ONCE_COL.17_=_COL.16-COL.15>48953</AREA_SOWN_MORE_THAN_ONCE_COL.17_=_COL.16-COL.15><AGRICULTURAL_LANDCULTIVABLE_LANDCULTURABLE_LANDARABLE_LAND_COL.18_=_COL.9+COL.10+COL.14+COL.15>183132</AGRICULTURAL_LANDCULTIVABLE_LANDCULTURABLE_LANDARABLE_LAND_COL.18_=_COL.9+COL.10+COL.14+COL.15><CULTIVATED_LAND_COL.19_=_COL.13+COL.15>155198</CULTIVATED_LAND_COL.19_=_COL.13+COL.15><CROPPING_INTENSITY_COL.20_=_percent_OF_COL.16_OVER_COL.15>134.8</CROPPING_INTENSITY_COL.20_=_percent_OF_COL.16_OVER_COL.15></ROW4><ROW5><YEAR_COL.1>200405</YEAR_COL.1><GEOGRAPHICAL_AREA_COL.2>328726</GEOGRAPHICAL_AREA_COL.2><REPORTING_AREA_FOR_LAND_UTILISATION_STATISTICS_COL.3_=_COL.4+COL.7+_COL.11+COL.14+COL.15>305587</REPORTING_AREA_FOR_LAND_UTILISATION_STATISTICS_COL.3_=_COL.4+COL.7+_COL.11+COL.14+COL.15><FORESTS_COL.4>69960</FORESTS_COL.4><NOT_AVAILABLE_FOR_CULTIVATION_-_AREA_UNDER_NON-AGRICULTURAL_USES_COL.5>24761</NOT_AVAILABLE_FOR_CULTIVATION_-_AREA_UNDER_NON-AGRICULTURAL_USES_COL.5><NOT_AVAILABLE_FOR_CULTIVATION_-_BARREN_AND_UNCULTURABLE_LAND_COL.6>17468</NOT_AVAILABLE_FOR_CULTIVATION_-_BARREN_AND_UNCULTURABLE_LAND_COL.6><NOT_AVAILABLE_FOR_CULTIVATION_-_TOTAL_COL.7_=_COL.5+COL.6>42229</NOT_AVAILABLE_FOR_CULTIVATION_-_TOTAL_COL.7_=_COL.5+COL.6><OTHER_UNCULTIVATED_LAND_EXCLUDING_FALLOW_LAND_-_PERMANENT_PASTURES_&amp;_OTHER_GRAZING_LANDS_COL.8>10452</OTHER_UNCULTIVATED_LAND_EXCLUDING_FALLOW_LAND_-_PERMANENT_PASTURES_&amp;_OTHER_GRAZING_LANDS_COL.8><OTHER_UNCULTIVATED_LAND_EXCLUDING_FALLOW_LAND_-_LAND_UNDER_MISC._TREE_CROPS_&amp;_GROVES_NOT_INCL._IN_NET_AREA_SOWN_COL.9>3362</OTHER_UNCULTIVATED_LAND_EXCLUDING_FALLOW_LAND_-_LAND_UNDER_MISC._TREE_CROPS_&amp;_GROVES_NOT_INCL._IN_NET_AREA_SOWN_COL.9><OTHER_UNCULTIVATED_LAND_EXCLUDING_FALLOW_LAND_-_CULTURABLE_WASTE_LAND_COL.10>13272</OTHER_UNCULTIVATED_LAND_EXCLUDING_FALLOW_LAND_-_CULTURABLE_WASTE_LAND_COL.10><OTHER_UNCULTIVATED_LAND_EXCLUDING_FALLOW_LAND_-_TOTAL_COL.11_=_COL.8_TO_COL.10>27086</OTHER_UNCULTIVATED_LAND_EXCLUDING_FALLOW_LAND_-_TOTAL_COL.11_=_COL.8_TO_COL.10><FALLOW_LANDS_-_FALLOW_LANDS_OTHER_THAN_CURRENT_FALLOWS_COL.12>10878</FALLOW_LANDS_-_FALLOW_LANDS_OTHER_THAN_CURRENT_FALLOWS_COL.12><FALLOW_LANDS_-_CURRENT_FALLOWS_COL.13>14792</FALLOW_LANDS_-_CURRENT_FALLOWS_COL.13><FALLOW_LANDS_-_TOTAL_COL.14_=_COL.12+COL.13>25670</FALLOW_LANDS_-_TOTAL_COL.14_=_COL.12+COL.13><NET_AREA_SOWN_COL.15>140642</NET_AREA_SOWN_COL.15><TOTAL_CROPPED_AREA_COL.16>191103</TOTAL_CROPPED_AREA_COL.16><AREA_SOWN_MORE_THAN_ONCE_COL.17_=_COL.16-COL.15>50461</AREA_SOWN_MORE_THAN_ONCE_COL.17_=_COL.16-COL.15><AGRICULTURAL_LANDCULTIVABLE_LANDCULTURABLE_LANDARABLE_LAND_COL.18_=_COL.9+COL.10+COL.14+COL.15>182946</AGRICULTURAL_LANDCULTIVABLE_LANDCULTURABLE_LANDARABLE_LAND_COL.18_=_COL.9+COL.10+COL.14+COL.15><CULTIVATED_LAND_COL.19_=_COL.13+COL.15>155434</CULTIVATED_LAND_COL.19_=_COL.13+COL.15><CROPPING_INTENSITY_COL.20_=_percent_OF_COL.16_OVER_COL.15>135.9</CROPPING_INTENSITY_COL.20_=_percent_OF_COL.16_OVER_COL.15></ROW5><ROW6><YEAR_COL.1>200506</YEAR_COL.1><GEOGRAPHICAL_AREA_COL.2>328726</GEOGRAPHICAL_AREA_COL.2><REPORTING_AREA_FOR_LAND_UTILISATION_STATISTICS_COL.3_=_COL.4+COL.7+_COL.11+COL.14+COL.15>306884</REPORTING_AREA_FOR_LAND_UTILISATION_STATISTICS_COL.3_=_COL.4+COL.7+_COL.11+COL.14+COL.15><FORESTS_COL.4>71431</FORESTS_COL.4><NOT_AVAILABLE_FOR_CULTIVATION_-_AREA_UNDER_NON-AGRICULTURAL_USES_COL.5>24993</NOT_AVAILABLE_FOR_CULTIVATION_-_AREA_UNDER_NON-AGRICULTURAL_USES_COL.5><NOT_AVAILABLE_FOR_CULTIVATION_-_BARREN_AND_UNCULTURABLE_LAND_COL.6>17331</NOT_AVAILABLE_FOR_CULTIVATION_-_BARREN_AND_UNCULTURABLE_LAND_COL.6><NOT_AVAILABLE_FOR_CULTIVATION_-_TOTAL_COL.7_=_COL.5+COL.6>42323</NOT_AVAILABLE_FOR_CULTIVATION_-_TOTAL_COL.7_=_COL.5+COL.6><OTHER_UNCULTIVATED_LAND_EXCLUDING_FALLOW_LAND_-_PERMANENT_PASTURES_&amp;_OTHER_GRAZING_LANDS_COL.8>10444</OTHER_UNCULTIVATED_LAND_EXCLUDING_FALLOW_LAND_-_PERMANENT_PASTURES_&amp;_OTHER_GRAZING_LANDS_COL.8><OTHER_UNCULTIVATED_LAND_EXCLUDING_FALLOW_LAND_-_LAND_UNDER_MISC._TREE_CROPS_&amp;_GROVES_NOT_INCL._IN_NET_AREA_SOWN_COL.9>3391</OTHER_UNCULTIVATED_LAND_EXCLUDING_FALLOW_LAND_-_LAND_UNDER_MISC._TREE_CROPS_&amp;_GROVES_NOT_INCL._IN_NET_AREA_SOWN_COL.9><OTHER_UNCULTIVATED_LAND_EXCLUDING_FALLOW_LAND_-_CULTURABLE_WASTE_LAND_COL.10>13225</OTHER_UNCULTIVATED_LAND_EXCLUDING_FALLOW_LAND_-_CULTURABLE_WASTE_LAND_COL.10><OTHER_UNCULTIVATED_LAND_EXCLUDING_FALLOW_LAND_-_TOTAL_COL.11_=_COL.8_TO_COL.10>27060</OTHER_UNCULTIVATED_LAND_EXCLUDING_FALLOW_LAND_-_TOTAL_COL.11_=_COL.8_TO_COL.10><FALLOW_LANDS_-_FALLOW_LANDS_OTHER_THAN_CURRENT_FALLOWS_COL.12>10696</FALLOW_LANDS_-_FALLOW_LANDS_OTHER_THAN_CURRENT_FALLOWS_COL.12><FALLOW_LANDS_-_CURRENT_FALLOWS_COL.13>14213</FALLOW_LANDS_-_CURRENT_FALLOWS_COL.13><FALLOW_LANDS_-_TOTAL_COL.14_=_COL.12+COL.13>24908</FALLOW_LANDS_-_TOTAL_COL.14_=_COL.12+COL.13><NET_AREA_SOWN_COL.15>141162</NET_AREA_SOWN_COL.15><TOTAL_CROPPED_AREA_COL.16>192737</TOTAL_CROPPED_AREA_COL.16><AREA_SOWN_MORE_THAN_ONCE_COL.17_=_COL.16-COL.15>51575</AREA_SOWN_MORE_THAN_ONCE_COL.17_=_COL.16-COL.15><AGRICULTURAL_LANDCULTIVABLE_LANDCULTURABLE_LANDARABLE_LAND_COL.18_=_COL.9+COL.10+COL.14+COL.15>182686</AGRICULTURAL_LANDCULTIVABLE_LANDCULTURABLE_LANDARABLE_LAND_COL.18_=_COL.9+COL.10+COL.14+COL.15><CULTIVATED_LAND_COL.19_=_COL.13+COL.15>155375</CULTIVATED_LAND_COL.19_=_COL.13+COL.15><CROPPING_INTENSITY_COL.20_=_percent_OF_COL.16_OVER_COL.15>136.5</CROPPING_INTENSITY_COL.20_=_percent_OF_COL.16_OVER_COL.15></ROW6><ROW7><YEAR_COL.1>200607</YEAR_COL.1><GEOGRAPHICAL_AREA_COL.2>328726</GEOGRAPHICAL_AREA_COL.2><REPORTING_AREA_FOR_LAND_UTILISATION_STATISTICS_COL.3_=_COL.4+COL.7+_COL.11+COL.14+COL.15>307088</REPORTING_AREA_FOR_LAND_UTILISATION_STATISTICS_COL.3_=_COL.4+COL.7+_COL.11+COL.14+COL.15><FORESTS_COL.4>71463</FORESTS_COL.4><NOT_AVAILABLE_FOR_CULTIVATION_-_AREA_UNDER_NON-AGRICULTURAL_USES_COL.5>25445</NOT_AVAILABLE_FOR_CULTIVATION_-_AREA_UNDER_NON-AGRICULTURAL_USES_COL.5><NOT_AVAILABLE_FOR_CULTIVATION_-_BARREN_AND_UNCULTURABLE_LAND_COL.6>17287</NOT_AVAILABLE_FOR_CULTIVATION_-_BARREN_AND_UNCULTURABLE_LAND_COL.6><NOT_AVAILABLE_FOR_CULTIVATION_-_TOTAL_COL.7_=_COL.5+COL.6>42732</NOT_AVAILABLE_FOR_CULTIVATION_-_TOTAL_COL.7_=_COL.5+COL.6><OTHER_UNCULTIVATED_LAND_EXCLUDING_FALLOW_LAND_-_PERMANENT_PASTURES_&amp;_OTHER_GRAZING_LANDS_COL.8>10418</OTHER_UNCULTIVATED_LAND_EXCLUDING_FALLOW_LAND_-_PERMANENT_PASTURES_&amp;_OTHER_GRAZING_LANDS_COL.8><OTHER_UNCULTIVATED_LAND_EXCLUDING_FALLOW_LAND_-_LAND_UNDER_MISC._TREE_CROPS_&amp;_GROVES_NOT_INCL._IN_NET_AREA_SOWN_COL.9>3351</OTHER_UNCULTIVATED_LAND_EXCLUDING_FALLOW_LAND_-_LAND_UNDER_MISC._TREE_CROPS_&amp;_GROVES_NOT_INCL._IN_NET_AREA_SOWN_COL.9><OTHER_UNCULTIVATED_LAND_EXCLUDING_FALLOW_LAND_-_CULTURABLE_WASTE_LAND_COL.10>13274</OTHER_UNCULTIVATED_LAND_EXCLUDING_FALLOW_LAND_-_CULTURABLE_WASTE_LAND_COL.10><OTHER_UNCULTIVATED_LAND_EXCLUDING_FALLOW_LAND_-_TOTAL_COL.11_=_COL.8_TO_COL.10>27042</OTHER_UNCULTIVATED_LAND_EXCLUDING_FALLOW_LAND_-_TOTAL_COL.11_=_COL.8_TO_COL.10><FALLOW_LANDS_-_FALLOW_LANDS_OTHER_THAN_CURRENT_FALLOWS_COL.12>10516</FALLOW_LANDS_-_FALLOW_LANDS_OTHER_THAN_CURRENT_FALLOWS_COL.12><FALLOW_LANDS_-_CURRENT_FALLOWS_COL.13>15512</FALLOW_LANDS_-_CURRENT_FALLOWS_COL.13><FALLOW_LANDS_-_TOTAL_COL.14_=_COL.12+COL.13>26028</FALLOW_LANDS_-_TOTAL_COL.14_=_COL.12+COL.13><NET_AREA_SOWN_COL.15>139823</NET_AREA_SOWN_COL.15><TOTAL_CROPPED_AREA_COL.16>192381</TOTAL_CROPPED_AREA_COL.16><AREA_SOWN_MORE_THAN_ONCE_COL.17_=_COL.16-COL.15>52558</AREA_SOWN_MORE_THAN_ONCE_COL.17_=_COL.16-COL.15><AGRICULTURAL_LANDCULTIVABLE_LANDCULTURABLE_LANDARABLE_LAND_COL.18_=_COL.9+COL.10+COL.14+COL.15>182476</AGRICULTURAL_LANDCULTIVABLE_LANDCULTURABLE_LANDARABLE_LAND_COL.18_=_COL.9+COL.10+COL.14+COL.15><CULTIVATED_LAND_COL.19_=_COL.13+COL.15>155334</CULTIVATED_LAND_COL.19_=_COL.13+COL.15><CROPPING_INTENSITY_COL.20_=_percent_OF_COL.16_OVER_COL.15>137.6</CROPPING_INTENSITY_COL.20_=_percent_OF_COL.16_OVER_COL.15></ROW7><ROW8><YEAR_COL.1>200708</YEAR_COL.1><GEOGRAPHICAL_AREA_COL.2>328726</GEOGRAPHICAL_AREA_COL.2><REPORTING_AREA_FOR_LAND_UTILISATION_STATISTICS_COL.3_=_COL.4+COL.7+_COL.11+COL.14+COL.15>307232</REPORTING_AREA_FOR_LAND_UTILISATION_STATISTICS_COL.3_=_COL.4+COL.7+_COL.11+COL.14+COL.15><FORESTS_COL.4>71529</FORESTS_COL.4><NOT_AVAILABLE_FOR_CULTIVATION_-_AREA_UNDER_NON-AGRICULTURAL_USES_COL.5>25882</NOT_AVAILABLE_FOR_CULTIVATION_-_AREA_UNDER_NON-AGRICULTURAL_USES_COL.5><NOT_AVAILABLE_FOR_CULTIVATION_-_BARREN_AND_UNCULTURABLE_LAND_COL.6>17020</NOT_AVAILABLE_FOR_CULTIVATION_-_BARREN_AND_UNCULTURABLE_LAND_COL.6><NOT_AVAILABLE_FOR_CULTIVATION_-_TOTAL_COL.7_=_COL.5+COL.6>42902</NOT_AVAILABLE_FOR_CULTIVATION_-_TOTAL_COL.7_=_COL.5+COL.6><OTHER_UNCULTIVATED_LAND_EXCLUDING_FALLOW_LAND_-_PERMANENT_PASTURES_&amp;_OTHER_GRAZING_LANDS_COL.8>10362</OTHER_UNCULTIVATED_LAND_EXCLUDING_FALLOW_LAND_-_PERMANENT_PASTURES_&amp;_OTHER_GRAZING_LANDS_COL.8><OTHER_UNCULTIVATED_LAND_EXCLUDING_FALLOW_LAND_-_LAND_UNDER_MISC._TREE_CROPS_&amp;_GROVES_NOT_INCL._IN_NET_AREA_SOWN_COL.9>3400</OTHER_UNCULTIVATED_LAND_EXCLUDING_FALLOW_LAND_-_LAND_UNDER_MISC._TREE_CROPS_&amp;_GROVES_NOT_INCL._IN_NET_AREA_SOWN_COL.9><OTHER_UNCULTIVATED_LAND_EXCLUDING_FALLOW_LAND_-_CULTURABLE_WASTE_LAND_COL.10>13044</OTHER_UNCULTIVATED_LAND_EXCLUDING_FALLOW_LAND_-_CULTURABLE_WASTE_LAND_COL.10><OTHER_UNCULTIVATED_LAND_EXCLUDING_FALLOW_LAND_-_TOTAL_COL.11_=_COL.8_TO_COL.10>26806</OTHER_UNCULTIVATED_LAND_EXCLUDING_FALLOW_LAND_-_TOTAL_COL.11_=_COL.8_TO_COL.10><FALLOW_LANDS_-_FALLOW_LANDS_OTHER_THAN_CURRENT_FALLOWS_COL.12>10333</FALLOW_LANDS_-_FALLOW_LANDS_OTHER_THAN_CURRENT_FALLOWS_COL.12><FALLOW_LANDS_-_CURRENT_FALLOWS_COL.13>14646</FALLOW_LANDS_-_CURRENT_FALLOWS_COL.13><FALLOW_LANDS_-_TOTAL_COL.14_=_COL.12+COL.13>24979</FALLOW_LANDS_-_TOTAL_COL.14_=_COL.12+COL.13><NET_AREA_SOWN_COL.15>141016</NET_AREA_SOWN_COL.15><TOTAL_CROPPED_AREA_COL.16>195223</TOTAL_CROPPED_AREA_COL.16><AREA_SOWN_MORE_THAN_ONCE_COL.17_=_COL.16-COL.15>54207</AREA_SOWN_MORE_THAN_ONCE_COL.17_=_COL.16-COL.15><AGRICULTURAL_LANDCULTIVABLE_LANDCULTURABLE_LANDARABLE_LAND_COL.18_=_COL.9+COL.10+COL.14+COL.15>182438</AGRICULTURAL_LANDCULTIVABLE_LANDCULTURABLE_LANDARABLE_LAND_COL.18_=_COL.9+COL.10+COL.14+COL.15><CULTIVATED_LAND_COL.19_=_COL.13+COL.15>155662</CULTIVATED_LAND_COL.19_=_COL.13+COL.15><CROPPING_INTENSITY_COL.20_=_percent_OF_COL.16_OVER_COL.15>138.4</CROPPING_INTENSITY_COL.20_=_percent_OF_COL.16_OVER_COL.15></ROW8><ROW9><YEAR_COL.1>200809</YEAR_COL.1><GEOGRAPHICAL_AREA_COL.2>328726</GEOGRAPHICAL_AREA_COL.2><REPORTING_AREA_FOR_LAND_UTILISATION_STATISTICS_COL.3_=_COL.4+COL.7+_COL.11+COL.14+COL.15>307408</REPORTING_AREA_FOR_LAND_UTILISATION_STATISTICS_COL.3_=_COL.4+COL.7+_COL.11+COL.14+COL.15><FORESTS_COL.4>71543</FORESTS_COL.4><NOT_AVAILABLE_FOR_CULTIVATION_-_AREA_UNDER_NON-AGRICULTURAL_USES_COL.5>26211</NOT_AVAILABLE_FOR_CULTIVATION_-_AREA_UNDER_NON-AGRICULTURAL_USES_COL.5><NOT_AVAILABLE_FOR_CULTIVATION_-_BARREN_AND_UNCULTURABLE_LAND_COL.6>16851</NOT_AVAILABLE_FOR_CULTIVATION_-_BARREN_AND_UNCULTURABLE_LAND_COL.6><NOT_AVAILABLE_FOR_CULTIVATION_-_TOTAL_COL.7_=_COL.5+COL.6>43062</NOT_AVAILABLE_FOR_CULTIVATION_-_TOTAL_COL.7_=_COL.5+COL.6><OTHER_UNCULTIVATED_LAND_EXCLUDING_FALLOW_LAND_-_PERMANENT_PASTURES_&amp;_OTHER_GRAZING_LANDS_COL.8>10344</OTHER_UNCULTIVATED_LAND_EXCLUDING_FALLOW_LAND_-_PERMANENT_PASTURES_&amp;_OTHER_GRAZING_LANDS_COL.8><OTHER_UNCULTIVATED_LAND_EXCLUDING_FALLOW_LAND_-_LAND_UNDER_MISC._TREE_CROPS_&amp;_GROVES_NOT_INCL._IN_NET_AREA_SOWN_COL.9>3343</OTHER_UNCULTIVATED_LAND_EXCLUDING_FALLOW_LAND_-_LAND_UNDER_MISC._TREE_CROPS_&amp;_GROVES_NOT_INCL._IN_NET_AREA_SOWN_COL.9><OTHER_UNCULTIVATED_LAND_EXCLUDING_FALLOW_LAND_-_CULTURABLE_WASTE_LAND_COL.10>12735</OTHER_UNCULTIVATED_LAND_EXCLUDING_FALLOW_LAND_-_CULTURABLE_WASTE_LAND_COL.10><OTHER_UNCULTIVATED_LAND_EXCLUDING_FALLOW_LAND_-_TOTAL_COL.11_=_COL.8_TO_COL.10>26423</OTHER_UNCULTIVATED_LAND_EXCLUDING_FALLOW_LAND_-_TOTAL_COL.11_=_COL.8_TO_COL.10><FALLOW_LANDS_-_FALLOW_LANDS_OTHER_THAN_CURRENT_FALLOWS_COL.12>10290</FALLOW_LANDS_-_FALLOW_LANDS_OTHER_THAN_CURRENT_FALLOWS_COL.12><FALLOW_LANDS_-_CURRENT_FALLOWS_COL.13>14192</FALLOW_LANDS_-_CURRENT_FALLOWS_COL.13><FALLOW_LANDS_-_TOTAL_COL.14_=_COL.12+COL.13>24482</FALLOW_LANDS_-_TOTAL_COL.14_=_COL.12+COL.13><NET_AREA_SOWN_COL.15>141899</NET_AREA_SOWN_COL.15><TOTAL_CROPPED_AREA_COL.16>195328</TOTAL_CROPPED_AREA_COL.16><AREA_SOWN_MORE_THAN_ONCE_COL.17_=_COL.16-COL.15>53429</AREA_SOWN_MORE_THAN_ONCE_COL.17_=_COL.16-COL.15><AGRICULTURAL_LANDCULTIVABLE_LANDCULTURABLE_LANDARABLE_LAND_COL.18_=_COL.9+COL.10+COL.14+COL.15>182459</AGRICULTURAL_LANDCULTIVABLE_LANDCULTURABLE_LANDARABLE_LAND_COL.18_=_COL.9+COL.10+COL.14+COL.15><CULTIVATED_LAND_COL.19_=_COL.13+COL.15>156091</CULTIVATED_LAND_COL.19_=_COL.13+COL.15><CROPPING_INTENSITY_COL.20_=_percent_OF_COL.16_OVER_COL.15>137.7</CROPPING_INTENSITY_COL.20_=_percent_OF_COL.16_OVER_COL.15></ROW9><ROW10><YEAR_COL.1>200910</YEAR_COL.1><GEOGRAPHICAL_AREA_COL.2>328726</GEOGRAPHICAL_AREA_COL.2><REPORTING_AREA_FOR_LAND_UTILISATION_STATISTICS_COL.3_=_COL.4+COL.7+_COL.11+COL.14+COL.15>307408</REPORTING_AREA_FOR_LAND_UTILISATION_STATISTICS_COL.3_=_COL.4+COL.7+_COL.11+COL.14+COL.15><FORESTS_COL.4>71555</FORESTS_COL.4><NOT_AVAILABLE_FOR_CULTIVATION_-_AREA_UNDER_NON-AGRICULTURAL_USES_COL.5>26158</NOT_AVAILABLE_FOR_CULTIVATION_-_AREA_UNDER_NON-AGRICULTURAL_USES_COL.5><NOT_AVAILABLE_FOR_CULTIVATION_-_BARREN_AND_UNCULTURABLE_LAND_COL.6>17177</NOT_AVAILABLE_FOR_CULTIVATION_-_BARREN_AND_UNCULTURABLE_LAND_COL.6><NOT_AVAILABLE_FOR_CULTIVATION_-_TOTAL_COL.7_=_COL.5+COL.6>43334</NOT_AVAILABLE_FOR_CULTIVATION_-_TOTAL_COL.7_=_COL.5+COL.6><OTHER_UNCULTIVATED_LAND_EXCLUDING_FALLOW_LAND_-_PERMANENT_PASTURES_&amp;_OTHER_GRAZING_LANDS_COL.8>10340</OTHER_UNCULTIVATED_LAND_EXCLUDING_FALLOW_LAND_-_PERMANENT_PASTURES_&amp;_OTHER_GRAZING_LANDS_COL.8><OTHER_UNCULTIVATED_LAND_EXCLUDING_FALLOW_LAND_-_LAND_UNDER_MISC._TREE_CROPS_&amp;_GROVES_NOT_INCL._IN_NET_AREA_SOWN_COL.9>3214</OTHER_UNCULTIVATED_LAND_EXCLUDING_FALLOW_LAND_-_LAND_UNDER_MISC._TREE_CROPS_&amp;_GROVES_NOT_INCL._IN_NET_AREA_SOWN_COL.9><OTHER_UNCULTIVATED_LAND_EXCLUDING_FALLOW_LAND_-_CULTURABLE_WASTE_LAND_COL.10>12945</OTHER_UNCULTIVATED_LAND_EXCLUDING_FALLOW_LAND_-_CULTURABLE_WASTE_LAND_COL.10><OTHER_UNCULTIVATED_LAND_EXCLUDING_FALLOW_LAND_-_TOTAL_COL.11_=_COL.8_TO_COL.10>26499</OTHER_UNCULTIVATED_LAND_EXCLUDING_FALLOW_LAND_-_TOTAL_COL.11_=_COL.8_TO_COL.10><FALLOW_LANDS_-_FALLOW_LANDS_OTHER_THAN_CURRENT_FALLOWS_COL.12>10838</FALLOW_LANDS_-_FALLOW_LANDS_OTHER_THAN_CURRENT_FALLOWS_COL.12><FALLOW_LANDS_-_CURRENT_FALLOWS_COL.13>16009</FALLOW_LANDS_-_CURRENT_FALLOWS_COL.13><FALLOW_LANDS_-_TOTAL_COL.14_=_COL.12+COL.13>26847</FALLOW_LANDS_-_TOTAL_COL.14_=_COL.12+COL.13><NET_AREA_SOWN_COL.15>139173</NET_AREA_SOWN_COL.15><TOTAL_CROPPED_AREA_COL.16>189188</TOTAL_CROPPED_AREA_COL.16><AREA_SOWN_MORE_THAN_ONCE_COL.17_=_COL.16-COL.15>50015</AREA_SOWN_MORE_THAN_ONCE_COL.17_=_COL.16-COL.15><AGRICULTURAL_LANDCULTIVABLE_LANDCULTURABLE_LANDARABLE_LAND_COL.18_=_COL.9+COL.10+COL.14+COL.15>182179</AGRICULTURAL_LANDCULTIVABLE_LANDCULTURABLE_LANDARABLE_LAND_COL.18_=_COL.9+COL.10+COL.14+COL.15><CULTIVATED_LAND_COL.19_=_COL.13+COL.15>155182</CULTIVATED_LAND_COL.19_=_COL.13+COL.15><CROPPING_INTENSITY_COL.20_=_percent_OF_COL.16_OVER_COL.15>135.9</CROPPING_INTENSITY_COL.20_=_percent_OF_COL.16_OVER_COL.15></ROW10><ROW11><YEAR_COL.1>201011</YEAR_COL.1><GEOGRAPHICAL_AREA_COL.2>328726</GEOGRAPHICAL_AREA_COL.2><REPORTING_AREA_FOR_LAND_UTILISATION_STATISTICS_COL.3_=_COL.4+COL.7+_COL.11+COL.14+COL.15>307483</REPORTING_AREA_FOR_LAND_UTILISATION_STATISTICS_COL.3_=_COL.4+COL.7+_COL.11+COL.14+COL.15><FORESTS_COL.4>71593</FORESTS_COL.4><NOT_AVAILABLE_FOR_CULTIVATION_-_AREA_UNDER_NON-AGRICULTURAL_USES_COL.5>26400</NOT_AVAILABLE_FOR_CULTIVATION_-_AREA_UNDER_NON-AGRICULTURAL_USES_COL.5><NOT_AVAILABLE_FOR_CULTIVATION_-_BARREN_AND_UNCULTURABLE_LAND_COL.6>17175</NOT_AVAILABLE_FOR_CULTIVATION_-_BARREN_AND_UNCULTURABLE_LAND_COL.6><NOT_AVAILABLE_FOR_CULTIVATION_-_TOTAL_COL.7_=_COL.5+COL.6>43575</NOT_AVAILABLE_FOR_CULTIVATION_-_TOTAL_COL.7_=_COL.5+COL.6><OTHER_UNCULTIVATED_LAND_EXCLUDING_FALLOW_LAND_-_PERMANENT_PASTURES_&amp;_OTHER_GRAZING_LANDS_COL.8>10305</OTHER_UNCULTIVATED_LAND_EXCLUDING_FALLOW_LAND_-_PERMANENT_PASTURES_&amp;_OTHER_GRAZING_LANDS_COL.8><OTHER_UNCULTIVATED_LAND_EXCLUDING_FALLOW_LAND_-_LAND_UNDER_MISC._TREE_CROPS_&amp;_GROVES_NOT_INCL._IN_NET_AREA_SOWN_COL.9>3200</OTHER_UNCULTIVATED_LAND_EXCLUDING_FALLOW_LAND_-_LAND_UNDER_MISC._TREE_CROPS_&amp;_GROVES_NOT_INCL._IN_NET_AREA_SOWN_COL.9><OTHER_UNCULTIVATED_LAND_EXCLUDING_FALLOW_LAND_-_CULTURABLE_WASTE_LAND_COL.10>12647</OTHER_UNCULTIVATED_LAND_EXCLUDING_FALLOW_LAND_-_CULTURABLE_WASTE_LAND_COL.10><OTHER_UNCULTIVATED_LAND_EXCLUDING_FALLOW_LAND_-_TOTAL_COL.11_=_COL.8_TO_COL.10>26152</OTHER_UNCULTIVATED_LAND_EXCLUDING_FALLOW_LAND_-_TOTAL_COL.11_=_COL.8_TO_COL.10><FALLOW_LANDS_-_FALLOW_LANDS_OTHER_THAN_CURRENT_FALLOWS_COL.12>10323</FALLOW_LANDS_-_FALLOW_LANDS_OTHER_THAN_CURRENT_FALLOWS_COL.12><FALLOW_LANDS_-_CURRENT_FALLOWS_COL.13>14277</FALLOW_LANDS_-_CURRENT_FALLOWS_COL.13><FALLOW_LANDS_-_TOTAL_COL.14_=_COL.12+COL.13>24600</FALLOW_LANDS_-_TOTAL_COL.14_=_COL.12+COL.13><NET_AREA_SOWN_COL.15>141563</NET_AREA_SOWN_COL.15><TOTAL_CROPPED_AREA_COL.16>197683</TOTAL_CROPPED_AREA_COL.16><AREA_SOWN_MORE_THAN_ONCE_COL.17_=_COL.16-COL.15>56120</AREA_SOWN_MORE_THAN_ONCE_COL.17_=_COL.16-COL.15><AGRICULTURAL_LANDCULTIVABLE_LANDCULTURABLE_LANDARABLE_LAND_COL.18_=_COL.9+COL.10+COL.14+COL.15>182010</AGRICULTURAL_LANDCULTIVABLE_LANDCULTURABLE_LANDARABLE_LAND_COL.18_=_COL.9+COL.10+COL.14+COL.15><CULTIVATED_LAND_COL.19_=_COL.13+COL.15>155840</CULTIVATED_LAND_COL.19_=_COL.13+COL.15><CROPPING_INTENSITY_COL.20_=_percent_OF_COL.16_OVER_COL.15>139.6</CROPPING_INTENSITY_COL.20_=_percent_OF_COL.16_OVER_COL.15></ROW11><ROW12><YEAR_COL.1>201112</YEAR_COL.1><GEOGRAPHICAL_AREA_COL.2>328726</GEOGRAPHICAL_AREA_COL.2><REPORTING_AREA_FOR_LAND_UTILISATION_STATISTICS_COL.3_=_COL.4+COL.7+_COL.11+COL.14+COL.15>307392</REPORTING_AREA_FOR_LAND_UTILISATION_STATISTICS_COL.3_=_COL.4+COL.7+_COL.11+COL.14+COL.15><FORESTS_COL.4>71599</FORESTS_COL.4><NOT_AVAILABLE_FOR_CULTIVATION_-_AREA_UNDER_NON-AGRICULTURAL_USES_COL.5>26308</NOT_AVAILABLE_FOR_CULTIVATION_-_AREA_UNDER_NON-AGRICULTURAL_USES_COL.5><NOT_AVAILABLE_FOR_CULTIVATION_-_BARREN_AND_UNCULTURABLE_LAND_COL.6>17217</NOT_AVAILABLE_FOR_CULTIVATION_-_BARREN_AND_UNCULTURABLE_LAND_COL.6><NOT_AVAILABLE_FOR_CULTIVATION_-_TOTAL_COL.7_=_COL.5+COL.6>43525</NOT_AVAILABLE_FOR_CULTIVATION_-_TOTAL_COL.7_=_COL.5+COL.6><OTHER_UNCULTIVATED_LAND_EXCLUDING_FALLOW_LAND_-_PERMANENT_PASTURES_&amp;_OTHER_GRAZING_LANDS_COL.8>10314</OTHER_UNCULTIVATED_LAND_EXCLUDING_FALLOW_LAND_-_PERMANENT_PASTURES_&amp;_OTHER_GRAZING_LANDS_COL.8><OTHER_UNCULTIVATED_LAND_EXCLUDING_FALLOW_LAND_-_LAND_UNDER_MISC._TREE_CROPS_&amp;_GROVES_NOT_INCL._IN_NET_AREA_SOWN_COL.9>3161</OTHER_UNCULTIVATED_LAND_EXCLUDING_FALLOW_LAND_-_LAND_UNDER_MISC._TREE_CROPS_&amp;_GROVES_NOT_INCL._IN_NET_AREA_SOWN_COL.9><OTHER_UNCULTIVATED_LAND_EXCLUDING_FALLOW_LAND_-_CULTURABLE_WASTE_LAND_COL.10>12637</OTHER_UNCULTIVATED_LAND_EXCLUDING_FALLOW_LAND_-_CULTURABLE_WASTE_LAND_COL.10><OTHER_UNCULTIVATED_LAND_EXCLUDING_FALLOW_LAND_-_TOTAL_COL.11_=_COL.8_TO_COL.10>26111</OTHER_UNCULTIVATED_LAND_EXCLUDING_FALLOW_LAND_-_TOTAL_COL.11_=_COL.8_TO_COL.10><FALLOW_LANDS_-_FALLOW_LANDS_OTHER_THAN_CURRENT_FALLOWS_COL.12>10665</FALLOW_LANDS_-_FALLOW_LANDS_OTHER_THAN_CURRENT_FALLOWS_COL.12><FALLOW_LANDS_-_CURRENT_FALLOWS_COL.13>14512</FALLOW_LANDS_-_CURRENT_FALLOWS_COL.13><FALLOW_LANDS_-_TOTAL_COL.14_=_COL.12+COL.13>25177</FALLOW_LANDS_-_TOTAL_COL.14_=_COL.12+COL.13><NET_AREA_SOWN_COL.15>140980</NET_AREA_SOWN_COL.15><TOTAL_CROPPED_AREA_COL.16>195796</TOTAL_CROPPED_AREA_COL.16><AREA_SOWN_MORE_THAN_ONCE_COL.17_=_COL.16-COL.15>54816</AREA_SOWN_MORE_THAN_ONCE_COL.17_=_COL.16-COL.15><AGRICULTURAL_LANDCULTIVABLE_LANDCULTURABLE_LANDARABLE_LAND_COL.18_=_COL.9+COL.10+COL.14+COL.15>181955</AGRICULTURAL_LANDCULTIVABLE_LANDCULTURABLE_LANDARABLE_LAND_COL.18_=_COL.9+COL.10+COL.14+COL.15><CULTIVATED_LAND_COL.19_=_COL.13+COL.15>155492</CULTIVATED_LAND_COL.19_=_COL.13+COL.15><CROPPING_INTENSITY_COL.20_=_percent_OF_COL.16_OVER_COL.15>138.9</CROPPING_INTENSITY_COL.20_=_percent_OF_COL.16_OVER_COL.15></ROW12><ROW13><YEAR_COL.1>201213</YEAR_COL.1><GEOGRAPHICAL_AREA_COL.2>328726</GEOGRAPHICAL_AREA_COL.2><REPORTING_AREA_FOR_LAND_UTILISATION_STATISTICS_COL.3_=_COL.4+COL.7+_COL.11+COL.14+COL.15>307491</REPORTING_AREA_FOR_LAND_UTILISATION_STATISTICS_COL.3_=_COL.4+COL.7+_COL.11+COL.14+COL.15><FORESTS_COL.4>71573</FORESTS_COL.4><NOT_AVAILABLE_FOR_CULTIVATION_-_AREA_UNDER_NON-AGRICULTURAL_USES_COL.5>26504</NOT_AVAILABLE_FOR_CULTIVATION_-_AREA_UNDER_NON-AGRICULTURAL_USES_COL.5><NOT_AVAILABLE_FOR_CULTIVATION_-_BARREN_AND_UNCULTURABLE_LAND_COL.6>17072</NOT_AVAILABLE_FOR_CULTIVATION_-_BARREN_AND_UNCULTURABLE_LAND_COL.6><NOT_AVAILABLE_FOR_CULTIVATION_-_TOTAL_COL.7_=_COL.5+COL.6>43577</NOT_AVAILABLE_FOR_CULTIVATION_-_TOTAL_COL.7_=_COL.5+COL.6><OTHER_UNCULTIVATED_LAND_EXCLUDING_FALLOW_LAND_-_PERMANENT_PASTURES_&amp;_OTHER_GRAZING_LANDS_COL.8>10256</OTHER_UNCULTIVATED_LAND_EXCLUDING_FALLOW_LAND_-_PERMANENT_PASTURES_&amp;_OTHER_GRAZING_LANDS_COL.8><OTHER_UNCULTIVATED_LAND_EXCLUDING_FALLOW_LAND_-_LAND_UNDER_MISC._TREE_CROPS_&amp;_GROVES_NOT_INCL._IN_NET_AREA_SOWN_COL.9>3182</OTHER_UNCULTIVATED_LAND_EXCLUDING_FALLOW_LAND_-_LAND_UNDER_MISC._TREE_CROPS_&amp;_GROVES_NOT_INCL._IN_NET_AREA_SOWN_COL.9><OTHER_UNCULTIVATED_LAND_EXCLUDING_FALLOW_LAND_-_CULTURABLE_WASTE_LAND_COL.10>12643</OTHER_UNCULTIVATED_LAND_EXCLUDING_FALLOW_LAND_-_CULTURABLE_WASTE_LAND_COL.10><OTHER_UNCULTIVATED_LAND_EXCLUDING_FALLOW_LAND_-_TOTAL_COL.11_=_COL.8_TO_COL.10>26082</OTHER_UNCULTIVATED_LAND_EXCLUDING_FALLOW_LAND_-_TOTAL_COL.11_=_COL.8_TO_COL.10><FALLOW_LANDS_-_FALLOW_LANDS_OTHER_THAN_CURRENT_FALLOWS_COL.12>11037</FALLOW_LANDS_-_FALLOW_LANDS_OTHER_THAN_CURRENT_FALLOWS_COL.12><FALLOW_LANDS_-_CURRENT_FALLOWS_COL.13>15287</FALLOW_LANDS_-_CURRENT_FALLOWS_COL.13><FALLOW_LANDS_-_TOTAL_COL.14_=_COL.12+COL.13>26324</FALLOW_LANDS_-_TOTAL_COL.14_=_COL.12+COL.13><NET_AREA_SOWN_COL.15>139936</NET_AREA_SOWN_COL.15><TOTAL_CROPPED_AREA_COL.16>194246</TOTAL_CROPPED_AREA_COL.16><AREA_SOWN_MORE_THAN_ONCE_COL.17_=_COL.16-COL.15>54310</AREA_SOWN_MORE_THAN_ONCE_COL.17_=_COL.16-COL.15><AGRICULTURAL_LANDCULTIVABLE_LANDCULTURABLE_LANDARABLE_LAND_COL.18_=_COL.9+COL.10+COL.14+COL.15>182085</AGRICULTURAL_LANDCULTIVABLE_LANDCULTURABLE_LANDARABLE_LAND_COL.18_=_COL.9+COL.10+COL.14+COL.15><CULTIVATED_LAND_COL.19_=_COL.13+COL.15>155223</CULTIVATED_LAND_COL.19_=_COL.13+COL.15><CROPPING_INTENSITY_COL.20_=_percent_OF_COL.16_OVER_COL.15>138.8</CROPPING_INTENSITY_COL.20_=_percent_OF_COL.16_OVER_COL.15></ROW13><ROW14><YEAR_COL.1>201314</YEAR_COL.1><GEOGRAPHICAL_AREA_COL.2>328726</GEOGRAPHICAL_AREA_COL.2><REPORTING_AREA_FOR_LAND_UTILISATION_STATISTICS_COL.3_=_COL.4+COL.7+_COL.11+COL.14+COL.15>307796</REPORTING_AREA_FOR_LAND_UTILISATION_STATISTICS_COL.3_=_COL.4+COL.7+_COL.11+COL.14+COL.15><FORESTS_COL.4>71828</FORESTS_COL.4><NOT_AVAILABLE_FOR_CULTIVATION_-_AREA_UNDER_NON-AGRICULTURAL_USES_COL.5>26913</NOT_AVAILABLE_FOR_CULTIVATION_-_AREA_UNDER_NON-AGRICULTURAL_USES_COL.5><NOT_AVAILABLE_FOR_CULTIVATION_-_BARREN_AND_UNCULTURABLE_LAND_COL.6>16948</NOT_AVAILABLE_FOR_CULTIVATION_-_BARREN_AND_UNCULTURABLE_LAND_COL.6><NOT_AVAILABLE_FOR_CULTIVATION_-_TOTAL_COL.7_=_COL.5+COL.6>43861</NOT_AVAILABLE_FOR_CULTIVATION_-_TOTAL_COL.7_=_COL.5+COL.6><OTHER_UNCULTIVATED_LAND_EXCLUDING_FALLOW_LAND_-_PERMANENT_PASTURES_&amp;_OTHER_GRAZING_LANDS_COL.8>10258</OTHER_UNCULTIVATED_LAND_EXCLUDING_FALLOW_LAND_-_PERMANENT_PASTURES_&amp;_OTHER_GRAZING_LANDS_COL.8><OTHER_UNCULTIVATED_LAND_EXCLUDING_FALLOW_LAND_-_LAND_UNDER_MISC._TREE_CROPS_&amp;_GROVES_NOT_INCL._IN_NET_AREA_SOWN_COL.9>3187</OTHER_UNCULTIVATED_LAND_EXCLUDING_FALLOW_LAND_-_LAND_UNDER_MISC._TREE_CROPS_&amp;_GROVES_NOT_INCL._IN_NET_AREA_SOWN_COL.9><OTHER_UNCULTIVATED_LAND_EXCLUDING_FALLOW_LAND_-_CULTURABLE_WASTE_LAND_COL.10>12388</OTHER_UNCULTIVATED_LAND_EXCLUDING_FALLOW_LAND_-_CULTURABLE_WASTE_LAND_COL.10><OTHER_UNCULTIVATED_LAND_EXCLUDING_FALLOW_LAND_-_TOTAL_COL.11_=_COL.8_TO_COL.10>25832</OTHER_UNCULTIVATED_LAND_EXCLUDING_FALLOW_LAND_-_TOTAL_COL.11_=_COL.8_TO_COL.10><FALLOW_LANDS_-_FALLOW_LANDS_OTHER_THAN_CURRENT_FALLOWS_COL.12>10694</FALLOW_LANDS_-_FALLOW_LANDS_OTHER_THAN_CURRENT_FALLOWS_COL.12><FALLOW_LANDS_-_CURRENT_FALLOWS_COL.13>14154</FALLOW_LANDS_-_CURRENT_FALLOWS_COL.13><FALLOW_LANDS_-_TOTAL_COL.14_=_COL.12+COL.13>24848</FALLOW_LANDS_-_TOTAL_COL.14_=_COL.12+COL.13><NET_AREA_SOWN_COL.15>141427</NET_AREA_SOWN_COL.15><TOTAL_CROPPED_AREA_COL.16>200950</TOTAL_CROPPED_AREA_COL.16><AREA_SOWN_MORE_THAN_ONCE_COL.17_=_COL.16-COL.15>59523</AREA_SOWN_MORE_THAN_ONCE_COL.17_=_COL.16-COL.15><AGRICULTURAL_LANDCULTIVABLE_LANDCULTURABLE_LANDARABLE_LAND_COL.18_=_COL.9+COL.10+COL.14+COL.15>181850</AGRICULTURAL_LANDCULTIVABLE_LANDCULTURABLE_LANDARABLE_LAND_COL.18_=_COL.9+COL.10+COL.14+COL.15><CULTIVATED_LAND_COL.19_=_COL.13+COL.15>155581</CULTIVATED_LAND_COL.19_=_COL.13+COL.15><CROPPING_INTENSITY_COL.20_=_percent_OF_COL.16_OVER_COL.15>142</CROPPING_INTENSITY_COL.20_=_percent_OF_COL.16_OVER_COL.15></ROW14></DATASET>
